Seller ID,avg_predicted_return_risk,actual_return_rate,complaint_rate,avg_rating,total_orders
S039,0.11733333333333333,0.13333333333333333,0.9333333333333333,3.1333333333333333,15
S036,0.10470588235294118,0.11764705882352941,1.0,3.7058823529411766,17
S025,0.10200000000000001,0.1,0.9,3.05,20
S040,0.0875,0.125,1.0,3.125,8
S004,0.07461538461538461,0.07692307692307693,1.0,3.6923076923076925,13
